Start,End,Sequence,pval.adj.magnitude.delta.d,pval.adj.change.dynamics
2,16,SSFSYEPYYSTSYKR,0.306168601105217,0.381352482964779
5,21,SYEPYYSTSYKRRYVET,0.566069910287843,0.0238077330028695
8,21,PYYSTSYKRRYVET,0.798685811441161,0.0549250080831677
9,25,YYSTSYKRRYVETPRVH,0.102198519480727,0.136339943725525
11,21,STSYKRRYVET,0.770600069735769,0.359200469678667
14,21,YKRRYVET,0.306168601105217,0.252191377842227
19,31,VETPRVHISSVRS,0.237016399039392,1.7849824433125e-05
22,36,PRVHISSVRSGYSTA,0.153050420092583,0.951392458031084
22,40,PRVHISSVRSGYSTARSAY,0.0792153729606543,0.381352482964779
27,39,SSVRSGYSTARSA,4.2733224209912e-11,0.00153444261942683
27,42,SSVRSGYSTARSAYSS,0.568447230686453,0.0719722673086622
30,42,RSGYSTARSAYSS,0.985908516957057,0.358385868807245
35,57,TARSAYSSYSAPVSSSLSVRRSY,0.689212818890718,0.258659903078972
44,51,SAPVSSSL,0.0317227397529962,0.271009223248789
46,51,PVSSSL,0.319923664112358,0.251237872541269
46,59,PVSSSLSVRRSYSS,0.19207546048141,0.808172456333214
47,56,VSSSLSVRRS,0.641818817558542,0.91540178591655
52,65,SVRRSYSSSSGSLM,0.366411521301981,0.871771731137054
55,67,RSYSSSSGSLMPS,0.750102856459179,0.951392458031084
63,73,SLMPSLENLDL,0.739517289497426,0.381352482964779
69,75,ENLDLSQ,0.822068338441156,0.359200469678667
72,78,DLSQVAA,0.830542443637534,0.831452474075019
76,92,VAAISNDLKSIRTQEKA,7.3428264820662e-05,0.143196771972061
77,90,AAISNDLKSIRTQE,8.179614211819e-08,0.0034565446298317
78,85,AISNDLKS,0.750102856459179,0.359200469678667
78,94,AISNDLKSIRTQEKAQL,0.19207546048141,0.871771731137054
79,85,ISNDLKS,0.450971178028603,0.120792979128044
79,90,ISNDLKSIRTQE,3.57417360898184e-07,2.19482953448444e-05
80,85,SNDLKS,0.005675853126468,0.927396927401305
82,94,DLKSIRTQEKAQL,0.739517289497426,0.321149939756214
84,94,KSIRTQEKAQL,0.0179535120855299,0.698790947839943
86,94,IRTQEKAQL,0.793953942117972,0.591406038053672
91,99,KAQLQDLND,0.787273010144977,0.0177368244552197
93,103,QLQDLNDRFAS,0.348439821536304,0.871024808273001
95,101,QDLNDRF,0.750102856459179,0.610968450836288
97,113,LNDRFASFIERVHELEQ,0.982716218933765,0.497628576071644
99,109,DRFASFIERVH,0.317476376794781,0.678593835206872
104,119,FIERVHELEQQNKVLE,0.944133748085779,0.927396927401305
105,110,IERVHE,0.796818507465963,0.0145560078900782
105,119,IERVHELEQQNKVLE,0.0914706559516294,0.381352482964779
107,116,RVHELEQQNK,4.52711046207725e-05,0.0347093892093953
112,119,EQQNKVLE,0.842023042493691,0.871771731137054
123,134,LVLRQKHSEPSR,0.0615399638511623,0.276915058539155
123,135,LVLRQKHSEPSRF,0.22393377034911,0.912794906246667
124,135,VLRQKHSEPSRF,0.713145546881639,0.381352482964779
125,135,LRQKHSEPSRF,0.450971178028603,0.535051252815297
129,135,HSEPSRF,0.713145546881639,0.0083921006572361
130,135,SEPSRF,0.165891246145099,0.254554413729796
136,142,RALYEQE,0.770600069735769,0.871771731137054
139,145,YEQEIRD,0.29431316068112,0.831452474075019
140,145,EQEIRD,0.0244008394742699,0.0525864419058317
143,148,IRDLRL,0.506367071896067,0.750705885357583
146,151,LRLAAE,0.770600069735769,0.063631266411374
146,155,LRLAAEDATN,0.544162106993041,0.348618562681144
149,162,AAEDATNEKQALQG,0.0093162101179442,0.927396927401305
149,167,AAEDATNEKQALQGEREGL,0.770600069735769,0.610968450836288
151,167,EDATNEKQALQGEREGL,0.770600069735769,0.831452474075019
152,170,DATNEKQALQGEREGLEET,0.787273010144977,0.871771731137054
160,167,LQGEREGL,0.992966626511748,0.617534006224697
160,176,LQGEREGLEETLRNLQA,0.19642957787257,0.0671957012046276
161,173,QGEREGLEETLRN,0.509591882837113,0.258659903078972
169,180,ETLRNLQARYEE,0.347378876744957,0.750705885357583
170,176,TLRNLQA,0.787813758511028,0.00131398316382168
171,176,LRNLQA,0.641818817558542,0.91540178591655
171,180,LRNLQARYEE,0.175437692507349,0.178974253761892
172,180,RNLQARYEE,0.508065245777246,0.698790947839943
181,192,EVLSREDAEGRL,0.787273010144977,0.381352482964779
184,192,SREDAEGRL,0.973113374887308,0.951392458031084
184,197,SREDAEGRLMEARK,0.259389841152358,0.967103180284995
188,198,AEGRLMEARKG,0.649155622996051,0.804910950035139
193,203,MEARKGADEAA,0.770600069735769,0.391905009829764
193,204,MEARKGADEAAL,0.812894314615109,0.831452474075019
202,209,AALARAEL,3.14858867039898e-21,5.80715829059791e-07
203,209,ALARAEL,1.72747084847178e-05,0.0018857483481483
204,209,LARAEL,0.231523862078742,0.153379528074663
205,216,ARAELEKRIDSL,7.07954643078385e-06,0.000855584165079059
210,217,EKRIDSLM,0.0433319590932482,0.698790947839943
212,228,RIDSLMDEISFLKKVHE,0.306168601105217,0.391905009829764
220,235,ISFLKKVHEEEIAELQ,0.347378876744957,0.0391005210329236
223,234,LKKVHEEEIAEL,0.175437692507349,0.171953626369861
235,242,QAQIQYAQ,0.326364349714011,0.0779889795024856
245,259,VEMDVTKPDLSAALK,0.109627549720766,0.870651847960893
247,256,MDVTKPDLSA,0.641818817558542,0.195747998609894
248,254,DVTKPDL,0.306168601105217,0.967103180284995
248,256,DVTKPDLSA,0.371729709792613,0.046617633873073
249,256,VTKPDLSA,0.895452144894707,0.967103180284995
250,256,TKPDLSA,0.0179535120855299,0.0403141187973036
251,265,KPDLSAALKDIRAQY,0.347378876744957,0.0004031540322574
255,264,SAALKDIRAQ,0.467532576971978,0.0833290769367876
255,265,SAALKDIRAQY,0.886016291611963,0.927396927401305
257,268,ALKDIRAQYEKL,0.238336790327176,0.192195956266092
259,264,KDIRAQ,0.739517289497426,0.480442339296922
259,265,KDIRAQY,0.886016291611963,0.535051252815297
260,265,DIRAQY,0.886016291611963,0.610968450836288
262,269,RAQYEKLA,0.923836855298294,0.0403141187973036
266,278,EKLAAKNMQNAEE,0.739517289497426,0.293943176653252
269,278,AAKNMQNAEE,0.479465923184783,0.288725664843094
271,278,KNMQNAEE,0.830542443637534,0.843499376017932
278,290,EWFKSRFTVLTES,0.00545855714760085,5.80715829059791e-07
285,296,TVLTESAAKNTD,0.0155541280809786,0.903080386675977
288,307,TESAAKNTDAVRAAKDEVSE,0.770600069735769,0.0506874951161841
290,300,SAAKNTDAVRA,0.00417873953403134,0.293943176653252
290,307,SAAKNTDAVRAAKDEVSE,0.798685811441161,0.0719722673086622
297,307,AVRAAKDEVSE,2.79856083762755e-06,0.967103180284995
298,307,VRAAKDEVSE,0.29996963457071,0.610968450836288
308,318,SRRLLKAKTLE,3.63704838372931e-05,0.698790947839943
319,326,IEACRGMN,0.0958142863775202,0.91545016569246
320,326,EACRGMN,0.822068338441156,0.831452474075019
321,326,ACRGMN,0.770600069735769,0.0549250080831677
330,335,EKQLQE,0.923836855298294,0.951392458031084
330,336,EKQLQEL,0.796818507465963,0.967103180284995
337,346,EDKQNADISA,0.770600069735769,0.967103180284995
342,353,ADISAMQDTINK,0.770600069735769,0.951392458031084
347,357,MQDTINKLENE,0.809957883809206,0.967103180284995
363,376,SEMARYLKEYQDLL,0.736654005298822,0.831452474075019
366,371,ARYLKE,0.983085278049544,0.831452474075019
377,391,NVKMALDIEIAAYRK,2.95461828628121e-20,4.5805762157426e-13
392,409,LLEGEETRLSFTSVGSIT,0.406725904624613,0.140180239277424
403,411,TSVGSITSG,0.188663040004219,0.831452474075019
412,418,YSQSSQV,0.410402416584697,0.364421492887751
417,430,QVFGRSAYGGLQTS,0.0615399638511623,0.046617633873073
418,435,VFGRSAYGGLQTSSYLMS,0.102198519480727,0.871771731137054
425,432,GGLQTSSY,0.982716218933765,0.176916650128017
437,442,RSFPSY,0.750102856459179,0.100503316779263
443,449,YTSHVQE,0.175437692507349,0.951392458031084
443,450,YTSHVQEE,0.2889702094324,0.0641986964300865
443,451,YTSHVQEEQ,0.117525830654086,0.967103180284995
443,453,YTSHVQEEQIE,0.983085278049544,0.927396927401305
444,449,TSHVQE,0.819250818825271,0.142080930029539
444,450,TSHVQEE,0.886016291611963,0.927396927401305
447,462,VQEEQIEVEETIEAAK,0.867797166268311,0.178974253761892
448,468,QEEQIEVEETIEAAKAEEAKD,0.886016291611963,0.197178782701608
450,456,EQIEVEE,0.641818817558542,0.951392458031084
452,463,IEVEETIEAAKA,0.787273010144977,0.988090335156883
454,459,VEETIE,0.306168601105217,0.951392458031084
455,477,EETIEAAKAEEAKDEPPSEGEAE,0.891487571191983,0.381352482964779
455,488,EETIEAAKAEEAKDEPPSEGEAEEEEKDKEEAEE,0.770600069735769,0.912794906246667
457,478,TIEAAKAEEAKDEPPSEGEAEE,0.234227490206035,0.046617633873073
459,465,EAAKAEE,0.770600069735769,0.967103180284995
459,486,EAAKAEEAKDEPPSEGEAEEEEKDKEEA,0.208877365272833,0.0549250080831677
460,477,AAKAEEAKDEPPSEGEAE,0.713145546881639,0.499770871163834
460,478,AAKAEEAKDEPPSEGEAEE,0.0958142863775202,0.0947294071148628
461,478,AKAEEAKDEPPSEGEAEE,0.443891565767277,0.0951125735855082
461,488,AKAEEAKDEPPSEGEAEEEEKDKEEAEE,0.787273010144977,0.353683844434409
466,478,AKDEPPSEGEAEE,0.992966626511748,0.5928235749913
473,485,EGEAEEEEKDKEE,0.371729709792613,0.0731699693414394
479,488,EEKDKEEAEE,0.142753587758477,0.212791293295875
479,490,EEKDKEEAEEEE,0.164542000027818,0.0947294071148628
479,491,EEKDKEEAEEEEA,0.568447230686453,0.591406038053672
488,494,EEEAAEE,0.208877365272833,0.00044687056581313
489,494,EEAAEE,0.147432453381388,0.197086021216469
489,495,EEAAEEE,0.479465923184783,0.0083921006572361
489,496,EEAAEEEE,0.347378876744957,0.321149939756214
491,497,AAEEEEA,0.306168601105217,0.535051252815297
491,503,AAEEEEAAKEESE,0.371729709792613,0.630833892148643
491,504,AAEEEEAAKEESEE,0.641818817558542,0.586593481191786
492,503,AEEEEAAKEESE,0.00105272189467885,0.831452474075019
492,504,AEEEEAAKEESEE,0.0631791736398012,0.0931424709631779
494,502,EEEAAKEES,0.306168601105217,0.91540178591655
494,503,EEEAAKEESE,0.730910435935093,0.951392458031084
494,504,EEEAAKEESEE,0.306168601105217,0.0664995957348115
496,502,EAAKEES,0.750102856459179,0.871771731137054
497,504,AAKEESEE,0.234227490206035,0.871771731137054
498,503,AKEESE,0.57381507344744,0.178974253761892
498,515,AKEESEEAKEEEEGGEGE,0.479465923184783,0.100503316779263
504,518,EAKEEEEGGEGEEGE,0.770600069735769,0.143196771972061
504,525,EAKEEEEGGEGEEGEETKEAEE,0.641818817558542,0.871771731137054
507,521,EEEEGGEGEEGEETK,0.0615399638511623,0.0391005210329236
508,525,EEEGGEGEEGEETKEAEE,0.479465923184783,0.381352482964779
516,522,EGEETKE,0.770600069735769,0.136339943725525
516,527,EGEETKEAEEEE,0.649155622996051,0.579190825345544
517,522,GEETKE,0.371729709792613,0.140180239277424
526,543,EEKKVEGAGEEQAAKKKD,0.481698368631079,0.610968450836288
531,541,EGAGEEQAAKK,0.178126131064567,0.0347093892093953
538,543,AAKKKD,0.548525238851489,0.0511099911465931
