Sequence,Start,End,KPBS-0,KPBS-1,KPBS-10,KPBS-120,KPBS-240,KPBS-60,aCSF HSA-0,aCSF HSA-1,aCSF HSA-10,aCSF HSA-120,aCSF HSA-240,aCSF HSA-60,aCSF-0,aCSF-1,aCSF-10,aCSF-120,aCSF-240,aCSF-60
AAEDATNEKQALQG,149,162,0.0,4.465834,4.453787,5.592434,5.747744,4.589414,0.0,2.357907,2.499575,3.232446,4.907543,2.977908,0.0,3.047322,5.191704,5.712445,5.164893,5.936409
AAEDATNEKQALQGEREGL,149,167,0.0,1.465079,4.819651,7.865205,8.584465,7.254339,0.0,4.763841,7.502758,7.61924,7.315807,7.717061,0.0,4.510758,7.512689,8.082318,7.570875,7.883077
AAEEEEA,491,497,0.0,2.427679,2.44595,2.726564,2.781427,2.442359,0.0,1.449937,1.280362,1.279574,1.754076,1.419781,0.0,1.052053,1.228106,1.470929,1.522041,0.982909
AAEEEEAAKEESE,491,503,0.0,6.248794,6.189614,6.642571,6.286227,6.238215,0.0,3.07563,2.867011,2.791621,3.292907,2.620477,0.0,2.75127,2.544245,2.715963,2.522607,2.584428
AAEEEEAAKEESEE,491,504,0.0,7.004214,6.933422,6.905667,6.87922,6.866856,0.0,3.19773,2.916418,3.191784,2.682885,2.913426,0.0,3.064186,2.870444,3.032344,2.946104,2.88679
AAISNDLKSIRTQE,77,90,0.0,5.637224,6.097573,6.227162,6.052915,6.379087,0.0,0.943592,1.14236,1.937412,1.946636,1.689497,0.0,3.106894,3.104143,3.035254,2.910169,3.066588
AAKAEEAKDEPPSEGEAE,460,477,0.0,5.665411,5.66707,5.758312,5.700135,5.667194,0.0,2.589813,2.24719,2.373807,2.322227,2.163381,0.0,2.431275,2.306872,2.362706,2.292477,2.277253
AAKAEEAKDEPPSEGEAEE,460,478,0.0,5.950683,5.973446,6.040497,6.060982,5.942658,0.0,2.688421,2.723768,2.446578,2.389135,2.617936,0.0,2.581931,2.43373,2.549567,2.566701,2.403508
AAKEESEE,497,504,0.0,3.110533,3.042818,3.031499,3.131399,3.04915,0.0,1.476258,1.30978,1.307132,1.30375,1.292579,0.0,1.293688,1.198811,1.149018,1.084397,1.183482
AAKKKD,538,543,0.0,2.800295,2.547062,2.761417,2.284743,3.079646,0.0,0.723279,1.193663,1.302703,1.278684,1.343153,0.0,0.940118,0.848357,0.785582,0.785414,0.799468
AAKNMQNAEE,269,278,0.0,3.362007,4.307282,4.40781,4.417823,4.385783,0.0,2.743383,2.727709,2.63719,2.529728,2.744267,0.0,2.6432,2.780037,2.702065,2.609517,2.679291
AALARAEL,202,209,0.0,0.139176,0.137888,0.243617,0.271975,0.228195,0.0,1.352441,1.63041,2.007867,2.12575,1.752528,0.0,0.044497,0.300379,0.675115,0.75743,0.519405
ACRGMN,321,326,0.0,0.265935,1.171838,1.89761,2.042505,1.744391,0.0,1.061097,2.071061,2.557679,3.091003,2.059769,0.0,0.886185,1.743754,1.678084,1.482026,1.729888
ADISAMQDTINK,342,353,0.0,3.432928,3.726068,2.821673,3.090497,3.141052,0.0,2.421432,3.750909,1.941895,1.76688,2.450872,0.0,3.088712,3.629846,2.459449,2.16487,2.319428
AEEEEAAKEESE,492,503,0.0,3.283702,3.476517,3.773199,3.561479,3.263028,0.0,1.618312,1.492522,1.766939,1.605958,1.348822,0.0,2.228748,2.142072,2.15805,1.977546,2.271021
AEEEEAAKEESEE,492,504,0.0,4.210885,4.44971,4.444559,4.495694,4.46436,0.0,0.992031,1.254101,2.001853,2.77773,2.338409,0.0,2.024707,2.041288,2.125262,2.039503,2.146654
AEGRLMEARKG,188,198,0.0,0.404399,0.359803,0.070675,0.187829,0.4556,0.0,0.040825,1.363266,1.215506,0.356022,1.676515,0.0,0.016611,0.118955,0.308297,0.361087,0.388002
AISNDLKS,78,85,0.0,3.256856,3.043241,3.936325,4.057679,3.037134,0.0,1.249191,1.252815,1.145208,0.67931,1.387549,0.0,1.468653,2.009413,2.198826,2.073174,1.950922
AISNDLKSIRTQEKAQL,78,94,0.0,7.106667,7.993523,7.68837,7.868277,7.827063,0.0,3.957506,4.113842,4.139431,4.170737,3.792135,0.0,4.308099,4.423863,4.338279,4.270869,4.399389
AKAEEAKDEPPSEGEAEE,461,478,0.0,5.371581,5.394549,5.431794,5.43796,5.348461,0.0,2.42566,2.184674,2.197573,1.919964,2.127878,0.0,2.299918,2.180185,2.309363,2.212054,2.1689
AKAEEAKDEPPSEGEAEEEEKDKEEAEE,461,488,0.0,10.624382,10.659086,11.050083,11.133006,10.759028,0.0,5.14112,4.533199,4.58249,4.403774,4.332612,0.0,4.871693,4.92558,4.866022,4.722391,4.768139
AKDEPPSEGEAEE,466,478,0.0,3.192464,3.293462,3.399739,3.327588,3.255695,0.0,1.315205,1.190461,1.209,1.211534,1.331606,0.0,1.311245,1.263792,1.308037,1.303469,1.227123
AKEESE,498,503,0.0,2.654798,2.628546,2.514922,2.421866,2.63631,0.0,1.10764,1.085164,1.224213,1.660528,1.009371,0.0,1.012842,1.267309,0.955154,0.848044,0.98666
AKEESEEAKEEEEGGEGE,498,515,0.0,5.303643,5.172401,5.323062,5.265695,5.202411,0.0,2.406054,2.00108,2.024129,1.494547,2.250019,0.0,2.218538,2.062333,2.209486,2.272588,2.051024
ALARAEL,203,209,0.0,0.419817,0.618063,1.850701,2.111623,1.618455,0.0,3.460911,3.801299,3.992041,3.520584,3.502076,0.0,0.784932,2.423206,2.919764,2.693358,2.891466
ALKDIRAQYEKL,257,268,0.0,0.687632,1.762005,3.834081,4.505578,3.303683,0.0,1.070326,2.211226,3.073779,3.553946,3.467507,0.0,1.319235,3.978568,5.751447,5.673452,5.446758
ARAELEKRIDSL,205,216,0.0,1.413992,1.969271,2.635898,2.799294,2.192363,0.0,-0.24478,1.479972,2.803182,3.43323,2.091152,0.0,1.239958,2.407502,3.501023,3.114027,3.104848
ARYLKE,366,371,0.0,0.181127,0.52599,1.728789,1.91936,1.33268,0.0,0.393886,1.593673,1.987273,1.770584,1.893275,0.0,0.390333,1.466989,1.920994,1.416486,1.873835
AVRAAKDEVSE,297,307,0.0,3.134415,4.272802,4.593291,4.145783,4.397846,0.0,1.438273,1.359161,1.11123,1.31921,1.335571,0.0,2.756027,2.814532,2.558471,2.159634,2.665564
DATNEKQALQGEREGLEET,152,170,0.0,1.382014,4.696551,8.535093,9.278635,7.76896,0.0,5.066102,8.524947,8.723974,8.593709,8.908545,0.0,4.753659,8.486626,9.108197,8.420087,8.838123
DIRAQY,260,265,0.0,0.256655,0.477169,0.722253,0.911271,0.641042,0.0,0.251006,1.636901,2.186156,1.5349,2.004867,0.0,0.481325,1.052769,1.592053,1.627189,1.495412
DLKSIRTQEKAQL,82,94,0.0,5.861111,6.21961,6.271171,6.653748,6.239412,0.0,3.294582,3.601198,3.414721,2.84247,3.634589,0.0,3.350895,3.594369,3.697319,3.297456,3.543087
DLSQVAA,72,78,0.0,2.464317,2.619744,2.650962,2.65256,2.624257,0.0,1.46681,1.443876,1.430173,1.546923,1.429228,0.0,1.32786,1.368443,1.406352,1.354528,1.410754
DRFASFIERVH,99,109,0.0,0.086556,0.150247,0.52494,0.847584,0.391148,0.0,0.121478,1.017872,2.417962,2.528662,1.984086,0.0,0.145371,0.851823,1.87756,2.246902,1.904161
DVTKPDL,248,254,0.0,1.572976,1.768212,1.72018,1.738632,1.718116,0.0,0.912444,0.915841,0.946044,0.766134,1.109387,0.0,0.884128,0.892197,0.862978,0.837822,0.877773
DVTKPDLSA,248,256,0.0,2.226109,2.854828,2.934771,2.935283,2.918229,0.0,1.702002,1.720441,1.663022,1.546695,1.726772,0.0,1.634001,1.772921,1.77126,1.682704,1.728181
EAAKAEE,459,465,0.0,2.887034,2.868345,2.88201,2.894882,2.902612,0.0,1.557508,1.496489,1.547511,1.203951,1.438871,0.0,1.561263,1.448188,1.298137,1.317999,1.403392
EAAKAEEAKDEPPSEGEAEEEEKDKEEA,459,486,0.0,11.83274,11.794356,11.914154,11.912477,11.778549,0.0,5.373208,4.866766,4.887678,4.773607,4.895703,0.0,5.165032,4.762065,5.091953,5.090115,4.8152
EAAKEES,496,502,0.0,2.828499,2.752168,2.769743,2.742647,2.771543,0.0,1.317838,1.124273,1.234272,0.743208,1.547957,0.0,1.200336,1.141061,1.116241,0.891338,1.092661
EACRGMN,320,326,0.0,0.369469,1.513014,2.332589,2.409126,2.190974,0.0,1.233456,2.220226,1.914419,1.871608,2.220815,0.0,1.124491,2.140053,2.108707,1.8782,2.180111
EAKEEEEGGEGEEGE,504,518,0.0,3.937812,3.951499,4.08437,4.161656,3.978234,0.0,1.710386,1.535679,1.740244,0.766994,1.568541,0.0,1.695242,1.676113,1.752486,1.664194,1.689682
EAKEEEEGGEGEEGEETKEAEE,504,525,0.0,8.426928,8.471049,8.644145,8.621737,8.434593,0.0,3.641051,3.295473,3.209916,3.20433,3.451887,0.0,3.527933,3.332413,3.467161,3.104875,3.281651
EDATNEKQALQGEREGL,151,167,0.0,1.117023,4.081342,7.014144,7.464489,6.398889,0.0,4.280498,7.0567,6.765276,7.74313,7.793254,0.0,3.965638,6.551284,6.873523,6.178326,7.036902
EDKQNADISA,337,346,0.0,1.292495,2.930456,3.912517,3.933094,3.745243,0.0,2.603575,3.106446,2.946025,2.472448,3.062387,0.0,2.435519,3.030039,2.834186,2.313141,2.976218
EEAAEE,489,494,0.0,1.875213,1.872132,1.871545,1.887783,1.871042,0.0,0.907883,0.821948,0.798541,0.762681,0.820354,0.0,0.870976,0.801024,0.788071,0.794778,0.78699
EEAAEEE,489,495,0.0,0.098582,0.568325,1.258133,1.540036,1.127028,0.0,0.765768,1.691594,2.072217,1.522053,1.816885,0.0,1.104857,1.015734,1.018788,0.762313,1.02087
EEAAEEEE,489,496,0.0,2.923521,2.908627,2.974515,2.980776,2.898177,0.0,1.430297,1.32955,1.235072,1.243571,1.309701,0.0,1.34726,1.259132,1.261329,1.328671,1.263449
EEEAAEE,488,494,0.0,2.488562,2.451199,2.495029,2.424673,2.414632,0.0,1.169188,1.068794,1.121136,0.805792,1.039243,0.0,0.893493,1.311248,1.518377,1.774157,1.702649
EEEAAKEES,494,502,0.0,3.609912,3.566871,3.609965,3.604729,3.587269,0.0,1.570373,1.690348,1.29631,1.581944,1.44602,0.0,1.100873,1.030996,1.187042,0.853378,1.089699
EEEAAKEESE,494,503,0.0,4.131003,4.074765,4.174265,3.961508,4.050566,0.0,1.805426,1.911994,1.719468,1.639238,1.315669,0.0,1.65937,1.669421,1.521111,1.523891,1.515705
EEEAAKEESEE,494,504,0.0,4.265551,4.314984,4.33455,4.32269,4.308602,0.0,2.307261,1.939499,1.616155,1.050645,2.008114,0.0,2.03014,1.884276,1.892226,1.858918,1.858149
EEEEGGEGEEGEETK,507,521,0.0,4.085482,4.170457,4.322607,4.352547,4.010942,0.0,2.002992,1.781766,1.763932,1.267031,1.794643,0.0,1.640848,1.660042,1.777005,1.643265,1.668645
EEEGGEGEEGEETKEAEE,508,525,0.0,6.023828,6.042743,6.116841,6.098047,6.02539,0.0,2.700596,2.465859,2.516023,2.24656,2.479462,0.0,2.623216,2.453603,2.604475,2.404984,2.389526
EEKDKEEAEE,479,488,0.0,2.936093,2.91152,2.891331,2.898698,2.92463,0.0,1.358801,1.257095,1.114151,1.084753,1.231593,0.0,1.534713,1.219187,1.17089,1.065342,1.230528
EEKDKEEAEEEE,479,490,0.0,4.455273,4.415903,4.429877,4.427318,4.461799,0.0,2.116833,1.920445,1.926316,1.770964,1.930009,0.0,2.03027,1.883689,1.873486,1.938496,1.879821
EEKDKEEAEEEEA,479,491,0.0,6.904763,7.048595,7.299753,7.336877,6.870097,0.0,3.555985,3.287839,3.732185,3.839476,3.308634,0.0,3.799881,4.104729,4.278187,4.437621,4.109536
EEKKVEGAGEEQAAKKKD,526,543,0.0,6.542053,6.447105,6.357679,6.407038,6.448698,0.0,2.581308,2.530901,2.384871,2.323164,2.478775,0.0,2.758898,2.516004,2.554711,2.538021,2.483941
EETIEAAKAEEAKDEPPSEGEAE,455,477,0.0,9.717693,9.879907,9.932726,9.948311,9.741081,0.0,4.412964,4.332879,4.288654,5.080464,4.71857,0.0,4.237443,4.112967,4.289117,4.263705,4.057655
EETIEAAKAEEAKDEPPSEGEAEEEEKDKEEAEE,455,488,0.0,15.981407,16.201172,16.164577,16.219815,16.110737,0.0,7.90034,7.063201,7.183815,6.863674,7.012291,0.0,7.325062,6.99835,7.249597,6.028844,6.944017
EGAGEEQAAKK,531,541,0.0,1.319259,1.488725,2.188284,2.266773,2.13343,0.0,0.740827,0.981441,0.762523,0.814056,1.308102,0.0,1.409353,1.5366,3.052122,3.146882,2.069969
EGEAEEEEKDKEE,473,485,0.0,6.968274,6.847421,6.913781,6.927166,6.88547,0.0,3.215301,2.792309,2.81314,2.568721,2.823798,0.0,3.060471,2.876893,3.040341,2.890685,2.912599
EGEETKE,516,522,0.0,3.054025,3.111929,2.476091,2.786451,3.157783,0.0,0.949359,1.799544,1.624641,1.326716,1.745258,0.0,1.209219,0.945067,0.930592,0.922501,0.716147
EGEETKEAEEEE,516,527,0.0,5.070501,5.010761,4.908598,5.088707,4.960396,0.0,2.410611,2.289435,2.772195,1.412457,2.469294,0.0,2.217678,2.133362,2.251126,2.067001,2.189972
EKLAAKNMQNAEE,266,278,0.0,3.575804,5.225186,5.784156,5.909482,5.663654,0.0,3.545277,4.157199,4.128854,3.950442,4.290414,0.0,3.436593,4.24547,4.429377,4.17702,4.341011
EKQLQE,330,335,0.0,0.092953,0.198317,0.905855,1.205249,0.651548,0.0,0.362348,1.462498,2.119002,2.248957,1.390019,0.0,0.313108,1.135753,1.894351,1.621833,1.770695
EKQLQEL,330,336,0.0,0.067357,0.191415,1.033139,1.414424,0.75454,0.0,0.420808,1.904849,2.674401,2.637301,2.443222,0.0,0.372042,1.707565,2.552218,2.408875,2.367413
EKRIDSLM,210,217,0.0,0.158128,0.220954,0.452065,0.504246,0.323548,0.0,0.142917,0.387012,1.007194,1.067957,0.727594,0.0,0.052227,0.268352,0.827192,1.019249,0.579028
ENLDLSQ,69,75,0.0,2.096826,2.038144,2.090903,2.090951,2.147036,0.0,1.009909,0.904154,0.676782,0.637303,1.029394,0.0,0.993374,0.969808,0.989807,0.959452,0.958805
EQEIRD,140,145,0.0,0.324205,0.572637,1.019721,1.161096,0.895149,0.0,1.148686,1.403121,1.672529,1.694376,1.678018,0.0,0.456935,1.028771,1.621612,1.558314,1.504082
EQIEVEE,450,456,0.0,2.357719,2.484156,2.602145,2.631867,2.481076,0.0,1.264146,1.095322,1.179045,1.379796,1.278231,0.0,1.124108,1.143574,1.209434,1.207222,1.16179
EQQNKVLE,112,119,0.0,0.097227,0.113574,0.530844,0.799768,0.344166,0.0,0.127095,0.746572,2.343589,2.101094,1.826007,0.0,0.09102,0.742892,2.210075,2.297579,1.789178
ETLRNLQARYEE,169,180,0.0,0.443693,0.506374,1.282321,1.76256,1.418617,0.0,0.56247,2.067191,2.540946,2.6842,2.577642,0.0,0.386568,2.24429,5.005562,4.992895,4.373115
EVLSREDAEGRL,181,192,0.0,1.043649,0.671984,2.626155,2.798165,1.37997,0.0,0.785442,0.692599,0.326042,0.701619,0.653223,0.0,0.834226,0.903551,1.103876,1.523821,1.049998
EWFKSRFTVLTES,278,290,0.0,5.855431,6.828818,6.943288,6.48334,6.479701,0.0,5.12638,6.586088,7.394342,7.391216,6.486469,0.0,6.361391,5.915414,5.015798,4.851596,5.691309
FIERVHELEQQNKVLE,104,119,0.0,0.17566,0.420876,1.528872,1.890846,0.940947,0.0,0.709097,2.429212,5.148452,5.310721,4.530249,0.0,0.369767,1.805897,4.788616,5.192541,4.000864
GEETKE,517,522,0.0,2.691706,2.417642,2.334906,2.535794,2.467121,0.0,1.224187,1.026827,0.928194,0.256783,0.970798,0.0,1.019515,0.957922,0.905215,0.747202,0.999278
GGLQTSSY,425,432,0.0,2.010788,2.599097,2.573187,2.532867,2.670376,0.0,1.463891,1.555411,1.864481,1.832902,1.618885,0.0,1.446983,1.379663,1.279436,1.211185,1.26576
HSEPSRF,129,135,0.0,0.584536,1.14001,1.799662,1.947133,1.619492,0.0,0.854754,1.088269,1.061262,0.757787,1.237654,0.0,1.007714,1.492993,2.046995,1.936431,1.579011
IEACRGMN,319,326,0.0,0.464484,1.571619,2.493129,2.558975,2.23859,0.0,0.626926,0.66044,1.076479,1.404701,0.832051,0.0,0.955553,2.230291,2.519387,2.119593,2.514905
IERVHE,105,110,0.0,0.208073,0.397484,0.911566,0.982856,0.773491,0.0,0.28802,0.820126,1.799277,1.606611,1.229983,0.0,0.233867,0.705051,1.036893,0.8853,0.905707
IERVHELEQQNKVLE,105,119,0.0,0.125946,0.24161,0.913227,1.356004,0.624123,0.0,0.188309,1.624602,4.207604,4.653335,3.268879,0.0,0.166134,1.34172,4.099,4.56851,3.20648
IEVEETIEAAKA,452,463,0.0,4.446708,4.582504,4.70028,4.973346,4.424137,0.0,2.438901,2.47389,2.592139,2.15364,2.230425,0.0,2.385618,2.256824,2.333013,1.98643,2.513408
IRDLRL,143,148,0.0,0.133002,0.229535,0.498308,0.613361,0.460077,0.0,0.197867,0.751545,1.603237,1.593011,1.43098,0.0,0.181557,0.637403,1.570713,1.622598,1.313675
IRTQEKAQL,86,94,0.0,2.872862,3.423873,3.556889,3.577998,3.504021,0.0,2.05768,2.070981,2.09582,1.87798,2.112733,0.0,2.016163,2.114816,2.141516,1.945989,2.082013
ISFLKKVHEEEIAELQ,220,235,0.0,5.100556,5.3789,5.554034,5.438312,5.47184,0.0,2.063454,2.301838,2.959017,2.43809,2.761615,0.0,2.197928,2.453346,2.200167,1.594079,2.522941
ISNDLKS,79,85,0.0,2.17527,3.037662,3.117699,3.142353,3.052975,0.0,1.006554,1.062137,1.07778,0.956015,0.778681,0.0,1.094715,1.574779,1.684844,1.483557,1.71036
ISNDLKSIRTQE,79,90,0.0,4.158442,4.219387,4.138844,4.569145,4.711752,0.0,3.389206,4.695548,5.445373,5.235679,5.352528,0.0,2.444699,2.417192,2.71167,2.554879,2.418071
KAQLQDLND,91,99,0.0,1.600242,3.066039,3.55967,3.610751,3.449028,0.0,2.397319,2.763905,3.625026,4.168421,3.317231,0.0,2.264208,2.797123,2.889561,2.625171,2.780227
KDIRAQ,259,264,0.0,0.271693,0.598718,1.611119,1.913454,1.39115,0.0,0.47928,1.629576,1.80176,1.777104,1.914145,0.0,0.545118,1.725056,2.495322,2.198356,2.52093
KDIRAQY,259,265,0.0,0.340764,0.836037,1.76611,2.191135,1.62263,0.0,0.670213,2.242197,3.493894,3.65021,3.022027,0.0,0.61887,2.050926,3.112429,2.925838,3.027259
KNMQNAEE,271,278,0.0,2.825064,3.686524,3.745394,3.711552,3.730204,0.0,2.356702,2.315605,2.390939,2.003733,2.276914,0.0,2.247866,2.34287,2.111591,2.036598,2.261373
KPDLSAALKDIRAQY,251,265,0.0,0.177825,0.259795,0.771412,1.05156,0.57157,0.0,0.142283,1.401188,3.55619,5.032172,3.006057,0.0,0.274008,0.977323,2.782114,2.77926,2.356221
KSIRTQEKAQL,84,94,0.0,3.563581,4.128513,4.256368,4.227113,4.212965,0.0,2.210486,1.971659,2.235888,2.257824,2.096549,0.0,2.452184,2.52313,2.515898,2.294396,2.598644
LARAEL,204,209,0.0,0.128447,0.47265,1.640858,1.862024,0.88456,0.0,0.300588,1.543755,2.493086,2.175346,2.257027,0.0,0.58545,1.653009,2.133539,2.089842,2.176294
LKKVHEEEIAEL,223,234,0.0,1.089872,1.855439,2.62361,3.035678,2.053425,0.0,1.669086,2.325784,3.614872,5.172684,2.728228,0.0,2.007178,3.004396,4.733896,3.147604,3.56311
LLEGEETRLSFTSVGSIT,392,409,0.0,5.312351,5.151247,5.132883,5.02659,5.223163,0.0,1.850133,1.778362,1.673955,1.717573,1.769141,0.0,2.027194,1.821539,1.705155,1.144623,1.792701
LNDRFASFIERVHELEQ,97,113,0.0,8.077367,7.984943,8.012716,7.902179,7.944098,0.0,3.414948,3.191914,3.24927,4.38702,3.194207,0.0,3.32339,3.042066,3.269515,3.195026,3.036313
LQGEREGL,160,167,0.0,0.723129,1.891504,3.239143,3.221598,2.82942,0.0,1.780545,3.243315,3.272535,3.682985,2.909087,0.0,1.690438,2.986543,3.164629,2.711144,3.100552
LQGEREGLEETLRNLQA,160,176,0.0,5.867726,5.696847,5.604082,5.453533,5.710118,0.0,2.213826,2.157798,2.049181,1.992742,2.148263,0.0,2.376401,2.142904,2.07927,1.810793,2.090363
LRLAAE,146,151,0.0,0.226215,0.30246,1.37043,1.568456,1.047395,0.0,0.459679,0.737506,1.677084,1.714561,1.67951,0.0,0.29515,1.219362,2.322582,2.262594,2.142543
LRLAAEDATN,146,155,0.0,0.108035,0.264382,1.144115,1.559053,0.867688,0.0,0.341607,1.972006,3.283496,2.865306,3.123274,0.0,0.284553,1.819368,3.604666,3.613978,3.209634
LRNLQA,171,176,0.0,0.066396,0.145843,0.705726,0.957724,0.49845,0.0,0.234582,1.302821,2.191553,2.232154,1.993036,0.0,0.16988,1.14878,2.148775,2.086264,1.889512
LRNLQARYEE,171,180,0.0,0.402321,0.528632,1.005681,1.252139,0.615048,0.0,0.067182,1.267493,1.63948,1.444009,1.826816,0.0,0.471848,1.133364,1.614901,1.542189,1.643572
LRQKHSEPSRF,125,135,0.0,1.135441,1.292438,1.561345,1.658912,1.510997,0.0,0.732044,1.04835,1.313404,1.587726,1.275841,0.0,0.81821,1.124828,1.40183,1.299538,1.340147
LVLRQKHSEPSR,123,134,0.0,1.036514,1.106353,1.357244,1.408034,1.213936,0.0,1.075402,1.142506,1.465747,1.53821,1.265209,0.0,0.575526,0.92718,1.313001,1.457795,1.164619
LVLRQKHSEPSRF,123,135,0.0,1.25324,1.428564,1.852385,1.923767,1.674094,0.0,0.750225,1.1983,1.550899,1.478525,1.498739,0.0,0.784261,1.165707,1.638179,1.534863,1.495118
MDVTKPDLSA,247,256,0.0,2.578193,3.282672,3.416144,3.366519,3.341088,0.0,1.978152,1.933652,2.039628,1.926431,1.995883,0.0,1.901894,1.996809,2.034468,2.054654,2.057914
MEARKGADEAA,193,203,0.0,0.941249,2.472459,3.689511,3.910275,3.366761,0.0,2.293355,3.196631,2.794409,2.11094,3.163844,0.0,2.172562,3.281551,3.078074,2.702861,3.21732
MEARKGADEAAL,193,204,0.0,0.791143,2.354468,3.922187,4.28946,3.306121,0.0,2.165947,3.527024,3.457192,3.330752,3.587268,0.0,2.248574,3.916613,3.989463,3.641553,3.915255
MQDTINKLENE,347,357,0.0,1.834776,2.317024,2.294488,2.212284,3.01777,0.0,0.2179,1.375399,1.428127,1.699573,1.453146,0.0,0.57767,1.324466,2.763799,2.225995,2.394685
NVKMALDIEIAAYRK,377,391,0.0,0.373603,0.649113,1.28774,1.596133,0.945114,0.0,3.719308,4.764079,5.750748,6.080187,5.568896,0.0,0.214186,1.169812,3.107518,3.621034,2.595283
PRVHISSVRSGYSTA,22,36,0.0,3.75161,3.925296,4.127841,4.223312,4.034079,0.0,1.955277,1.93471,2.396264,2.863694,2.463334,0.0,2.1199,2.343401,2.791745,2.91889,2.796823
PRVHISSVRSGYSTARSAY,22,40,0.0,5.53426,5.779609,6.058313,6.031679,5.836153,0.0,2.266805,2.815997,3.610207,3.480992,3.321941,0.0,2.375875,3.253479,3.607015,2.92409,3.364873
PVSSSL,46,51,0.0,2.091482,2.060394,2.133816,2.072008,2.203049,0.0,0.941822,1.023382,0.863357,1.228575,0.972337,0.0,0.944867,0.925491,0.92236,0.590517,1.020041
PVSSSLSVRRSYSS,46,59,0.0,0.649468,1.23843,2.104196,2.86207,1.425017,0.0,1.400579,1.469049,2.402563,2.154176,1.19641,0.0,3.019306,2.478118,3.336209,3.020965,2.524483
PYYSTSYKRRYVET,8,21,0.0,4.937179,5.022727,5.067974,5.100155,5.062744,0.0,2.446612,2.294463,2.475654,2.38019,2.349595,0.0,2.326914,2.433679,2.747627,2.760277,2.594161
QAQIQYAQ,235,242,0.0,1.831576,3.406347,4.133894,4.163813,4.051678,0.0,2.620611,3.078367,3.001531,2.709914,3.193067,0.0,2.399336,3.155976,3.218525,3.362341,3.150277
QDLNDRF,95,101,0.0,0.669322,1.804553,2.161904,2.222267,2.192225,0.0,1.133567,1.884083,1.932003,1.80459,1.97347,0.0,0.830641,1.89844,1.877402,1.901293,1.593032
QEEQIEVEETIEAAKAEEAKD,448,468,0.0,1.64031,5.126133,9.47547,10.40377,8.515768,0.0,4.924967,8.548942,7.660293,6.631315,8.456836,0.0,4.943924,9.303176,9.948339,9.318052,9.777639
QGEREGLEETLRN,161,173,0.0,5.62675,4.511624,5.062627,4.180524,4.903453,0.0,0.847774,0.532957,2.712642,2.717478,0.562557,0.0,1.267188,1.027546,1.335157,1.66454,0.661465
QLQDLNDRFAS,93,103,0.0,3.687797,4.137171,2.771538,3.344094,2.699349,0.0,2.589042,2.099464,2.535459,2.008626,2.887597,0.0,3.159633,3.696785,2.5624,3.490461,3.204453
QVFGRSAYGGLQTS,417,430,0.0,0.039296,0.023492,0.629728,0.806626,0.355573,0.0,0.28435,1.152222,2.573491,2.709723,2.115164,0.0,0.677761,1.075643,2.445242,2.555556,2.047848
RALYEQE,136,142,0.0,0.831993,1.682564,2.541547,2.679494,2.409522,0.0,1.318853,2.103986,2.565562,2.498776,2.482228,0.0,1.286891,2.100533,2.636339,2.456893,2.509055
RAQYEKLA,262,269,0.0,0.021596,0.160679,0.287267,0.442102,0.262898,0.0,0.030916,0.360744,0.513947,0.785002,0.267063,0.0,0.073285,0.40864,0.900456,1.489748,0.969733
RNLQARYEE,172,180,0.0,0.063975,0.095622,0.507246,0.752777,0.332111,0.0,0.145005,1.404258,3.208045,2.873015,2.747999,0.0,0.101973,1.152644,3.045591,3.132487,2.559011
RSFPSY,437,442,0.0,1.474047,1.49413,1.560177,1.564948,1.527614,0.0,0.745462,0.910323,0.88187,0.892328,0.882946,0.0,0.802934,0.845727,1.062209,1.419507,0.955475
RSGYSTARSAYSS,30,42,0.0,4.460716,4.565545,4.664813,4.686988,4.547216,0.0,1.855174,1.958457,1.385733,1.646363,0.815925,0.0,1.766521,1.974524,2.586317,2.401357,2.259205
RSYSSSSGSLMPS,55,67,0.0,2.742601,2.684806,3.089315,2.940795,3.338817,0.0,1.738477,1.174603,1.740369,1.436662,1.605568,0.0,1.491496,1.30328,1.462946,1.611685,1.354591
RVHELEQQNK,107,116,0.0,0.187928,0.292665,1.034357,0.799882,0.52022,0.0,0.822608,1.576562,2.294525,2.231037,2.140535,0.0,0.241185,0.712487,2.056159,1.826121,1.59973
SAAKNTDAVRA,290,300,0.0,3.608746,4.405374,3.92758,3.272644,3.52023,0.0,1.384265,1.364286,1.195102,1.063001,1.354258,0.0,2.289782,2.152013,1.74776,1.213378,2.034902
SAAKNTDAVRAAKDEVSE,290,307,0.0,5.736602,7.800271,7.93788,7.985885,7.89458,0.0,4.953071,4.837133,4.496403,3.925899,4.871245,0.0,4.876232,5.197323,5.082391,4.730758,5.013662
SAALKDIRAQ,255,264,0.0,0.918213,1.204567,1.862775,2.354739,1.474588,0.0,0.907624,1.972897,2.7458,2.946901,2.547178,0.0,0.842591,1.893431,3.342709,3.340224,2.697537
SAALKDIRAQY,255,265,0.0,0.734423,1.47726,2.993349,3.547928,2.584211,0.0,1.139593,3.480984,4.433778,6.244264,4.267712,0.0,1.067291,3.237555,4.973952,4.848191,4.643528
SAPVSSSL,44,51,0.0,1.72896,1.860754,1.859949,1.841097,1.838677,0.0,0.527475,0.471392,0.834474,0.645655,0.74321,0.0,1.117181,0.715245,0.90075,0.898622,0.859794
SEMARYLKEYQDLL,363,376,0.0,1.303993,4.243112,6.916899,7.457265,6.368983,0.0,4.369361,6.779555,6.808151,6.361979,6.962404,0.0,4.087136,6.574144,6.875531,6.323203,6.834888
SEPSRF,130,135,0.0,0.736074,0.81279,0.903678,0.922875,0.872438,0.0,0.543,0.633772,0.585575,0.565053,0.576979,0.0,0.427518,0.490933,0.597527,0.535041,0.596998
SLMPSLENLDL,63,73,0.0,3.755161,3.686397,3.647952,3.515878,3.636736,0.0,1.383647,1.372735,1.285528,1.134735,1.341009,0.0,1.403541,1.302248,1.519319,1.276989,1.296469
SNDLKS,80,85,0.0,2.101797,2.428451,2.717768,2.690628,2.462958,0.0,0.420899,0.437995,0.596962,0.550918,0.455074,0.0,0.637333,0.564728,0.648093,0.865513,0.571227
SREDAEGRL,184,192,0.0,0.083448,0.267589,1.214335,1.643084,0.889806,0.0,0.381455,2.156408,2.63615,2.454427,2.658995,0.0,0.329789,1.908277,2.669818,2.462228,2.569397
SREDAEGRLMEARK,184,197,0.0,5.522549,6.705533,6.90249,6.903355,6.836729,0.0,3.121521,3.465753,2.963789,2.242942,3.542744,0.0,3.892902,3.929078,3.705172,3.04647,3.886763
SRRLLKAKTLE,308,318,0.0,1.162645,2.476633,3.72192,3.734066,3.157712,0.0,0.210651,0.419591,0.465096,0.482287,0.433491,0.0,1.566958,3.590159,3.687649,1.899974,3.757978
SSFSYEPYYSTSYKR,2,16,0.0,0.215611,-0.01177,1.069849,1.59136,0.756516,0.0,-0.363212,1.898151,3.957075,4.132007,3.461153,0.0,0.072726,1.434193,4.284186,4.909334,3.089704
SSVRSGYSTARSA,27,39,0.0,1.87541,1.354439,1.393259,2.090329,1.36387,0.0,0.245461,0.330891,0.565722,0.721918,0.392982,0.0,1.968655,2.225482,1.646096,1.34755,2.139506
SSVRSGYSTARSAYSS,27,42,0.0,5.948725,6.683878,7.565368,7.759514,6.683745,0.0,3.246442,3.350716,3.995621,3.595757,3.852937,0.0,3.55211,3.992202,7.51314,6.088661,4.472013
STSYKRRYVET,11,21,0.0,4.535664,4.601795,4.737056,4.755953,4.680815,0.0,2.018207,1.851395,1.669968,1.891279,1.322562,0.0,2.218179,2.44847,2.694122,2.635564,2.621911
SVRRSYSSSSGSLM,52,65,0.0,3.469949,3.517481,3.60661,3.617764,3.583633,0.0,1.590686,1.598804,1.733841,1.746203,1.630604,0.0,1.560364,1.587234,1.82342,1.88893,1.708746
SYEPYYSTSYKRRYVET,5,21,0.0,5.67333,5.755687,5.885337,5.959187,5.800156,0.0,2.818156,2.671313,2.913569,2.891248,2.785757,0.0,2.7417,2.788736,3.202037,3.312919,2.913992
TARSAYSSYSAPVSSSLSVRRSY,35,57,0.0,7.682777,7.942184,8.474792,8.891076,7.961492,0.0,2.717317,3.477787,3.318249,3.099298,3.76498,0.0,3.29242,3.69693,2.932616,0.48199,4.118241
TESAAKNTDAVRAAKDEVSE,288,307,0.0,6.331218,8.590393,8.85299,8.889041,8.759977,0.0,5.505932,5.301071,5.220469,4.907742,5.176474,0.0,5.32961,5.570792,5.468084,5.176966,5.396319
TIEAAKAEEAKDEPPSEGEAEE,457,478,0.0,8.306725,8.326912,8.525305,8.459547,8.354238,0.0,3.715461,3.215616,4.152175,5.403066,3.779901,0.0,4.258609,3.459716,3.61844,3.507134,3.457164
TKPDLSA,250,256,0.0,1.23022,1.608196,1.65221,1.616985,1.559045,0.0,1.115601,1.01903,1.080642,1.10252,1.092936,0.0,0.483628,1.12391,1.144457,1.035595,1.114008
TLRNLQA,170,176,0.0,0.101693,0.181358,1.200798,1.460654,0.606689,0.0,0.671864,0.921118,0.957939,0.924686,0.955659,0.0,0.818988,1.388762,2.290233,2.209812,2.032964
TSHVQEE,444,450,0.0,1.496564,1.476968,1.461733,1.544975,1.490374,0.0,0.628558,0.589409,0.763555,0.588006,0.610045,0.0,0.609591,0.559725,0.646311,0.600324,0.618821
TSVGSITSG,403,411,0.0,3.002052,3.174726,3.387532,3.409487,3.257525,0.0,1.406606,1.664269,2.03294,2.075987,1.904661,0.0,1.391166,1.672324,2.083603,2.145247,1.924863
TVLTESAAKNTD,285,296,0.0,5.465636,4.750777,5.39402,5.36865,5.292825,0.0,2.877257,2.947864,2.944951,2.644849,4.209772,0.0,4.298061,4.914256,4.881992,3.941918,4.415752
VAAISNDLKSIRTQEKA,76,92,0.0,3.806719,4.314425,4.844418,5.040334,4.42367,0.0,2.701241,3.262271,4.084745,4.010199,3.791303,0.0,3.576884,3.981525,4.706192,4.534368,4.544459
VEETIE,454,459,0.0,1.928113,1.971357,2.063987,2.077248,1.989844,0.0,0.929361,0.945569,1.021621,0.985162,1.001663,0.0,0.952646,0.989234,1.091555,1.062998,1.050945
VEMDVTKPDLSAALK,245,259,0.0,3.549145,3.637449,3.991795,4.171858,3.809108,0.0,2.057748,2.285517,2.392613,2.361538,2.708323,0.0,2.371345,2.719768,2.757466,2.659572,3.016617
VETPRVHISSVRS,19,31,0.0,0.663683,0.913467,0.951352,1.00766,0.904692,0.0,1.366353,2.884202,4.383067,5.238781,3.381726,0.0,1.953936,1.600625,1.375302,1.30137,1.73982
VFGRSAYGGLQTSSYLMS,418,435,0.0,5.028686,5.073313,5.169815,5.237868,5.166315,0.0,1.647234,2.95746,2.302739,2.101231,2.214795,0.0,2.482633,2.510722,2.49619,2.652426,2.532648
VLRQKHSEPSRF,124,135,0.0,1.087287,1.224716,1.5622,1.627258,1.444128,0.0,0.656995,1.028252,1.243133,1.146146,1.255965,0.0,0.712742,1.019937,1.216831,0.82044,1.243157
VQEEQIEVEETIEAAK,447,462,0.0,4.598455,6.304102,7.274933,7.043208,7.472762,0.0,4.766691,4.245254,2.953365,2.75096,3.811217,0.0,4.58231,4.616981,4.162693,3.763607,4.15483
VRAAKDEVSE,298,307,0.0,3.937679,3.83546,3.556901,3.890987,3.787222,0.0,2.080355,2.528668,2.842332,2.11924,2.935345,0.0,1.532796,2.569723,2.167386,2.620251,2.298311
VSSSLSVRRS,47,56,0.0,0.4497,0.937921,2.165071,2.613031,1.819583,0.0,0.774894,2.549954,4.503376,3.643169,3.572002,0.0,0.65862,2.25042,3.731695,3.599303,3.427558
VTKPDLSA,249,256,0.0,1.908454,2.483924,2.539579,2.558659,2.512943,0.0,1.514345,1.392811,1.462716,1.633662,1.504182,0.0,1.40689,1.496562,1.532308,1.492944,1.477376
YEQEIRD,139,145,0.0,0.395409,0.766644,1.320114,1.505346,1.197171,0.0,0.677922,1.462154,2.132509,2.168363,1.947617,0.0,0.567801,1.248593,2.022326,1.993224,1.834011
YKRRYVET,14,21,0.0,2.641069,2.663549,2.728002,2.628121,2.685472,0.0,1.446171,1.397909,1.53776,1.333344,1.45367,0.0,1.317843,1.322535,1.236604,1.139325,1.333742
YSQSSQV,412,418,0.0,2.054768,2.17218,2.254135,2.305481,2.220126,0.0,0.951987,1.096541,1.293052,1.3795,1.219187,0.0,0.917673,1.051563,1.308433,1.437933,1.212397
YTSHVQE,443,449,0.0,1.675756,1.705587,1.760833,1.775887,1.708304,0.0,0.729162,0.710713,0.74765,0.761809,0.740732,0.0,0.702603,0.688423,0.723267,0.732382,0.713327
YTSHVQEE,443,450,0.0,1.915762,1.953397,2.036634,2.051293,1.954152,0.0,0.841083,0.799001,0.858356,0.733828,0.835577,0.0,0.804543,0.769876,0.896677,0.883415,0.803035
YTSHVQEEQ,443,451,0.0,2.473708,2.531426,2.626604,2.642799,2.542148,0.0,1.120768,1.056361,1.139488,1.172576,1.134967,0.0,1.028194,1.004946,1.108426,1.066043,1.038065
YTSHVQEEQIE,443,453,0.0,3.29976,3.355863,3.527594,3.542942,3.362587,0.0,1.467868,1.357865,1.916393,1.570002,1.463073,0.0,1.361252,1.422621,1.604725,1.669197,1.505337
YYSTSYKRRYVETPRVH,9,25,0.0,8.4564,10.926072,11.223949,11.231898,11.14415,0.0,6.434138,6.263421,6.364004,7.189253,6.29721,0.0,6.583865,6.756757,6.643457,6.313566,6.677538
